Estádio,Localidade,Unidade federativa,Proprietário,Capacidade
Maracanã,Rio de Janeiro,RJ,Gov. Estadual,78 838
Mané Garrincha,Brasília,DF,Gov. Distrital,72 788
Morumbi,São Paulo,SP,Privado,66 975
Castelão,Fortaleza,CE,Gov. Estadual,63 903
Mineirão,Belo Horizonte,MG,Gov. Estadual,61 846
Arruda,Recife,PE,Privado,60 044
Arena do Grêmio,Porto Alegre,RS,Privado,55 662
Mangueirão,Belém,PA,Gov. Estadual,53 645
Parque do Sabiá,Uberlândia,MG,Gov. Municipal,53 350
Beira-Rio,Porto Alegre,RS,Privado,50 942
Itaipava Arena Fonte Nova,Salvador,BA,Gov. Estadual,50 025
Neo Química Arena,São Paulo,SP,Privado,47 605
Arena MRV,Belo Horizonte,MG,Privado,47 465
Nilton Santos,Rio de Janeiro,RJ,Gov. Municipal,46 831
Arena de Pernambuco,São Lourenço da Mata,PE,Gov. Estadual,46 154
Prudentão,Presidente Prudente,SP,Gov. Municipal,45 954
Albertão,Teresina,PI,Gov. Estadual,44 200
Morenão,Campo Grande,MS,Gov. Federal,44 200
Arena Pantanal,Cuiabá,MT,Gov. Estadual,44 097
Arena da Amazônia,Manaus,AM,Gov. Estadual,44 000
Allianz Parque,São Paulo,SP,Privado,43 713
Ligga Arena,Curitiba,PR,Privado,42 372
Serra Dourada,Goiânia,GO,Gov. Estadual,42 000
Couto Pereira,Curitiba,PR,Privado,40 502
Castelão,São Luís,MA,Gov. Estadual,40 149
Barradão,Salvador,BA,Privado,35 000
Pinheirão,Curitiba,PR,Privado,35 000
Olímpico da USP,São Paulo,SP,Privado,35 000
Ilha do Retiro,Recife,PE,Privado,32 983
Teixeirão,São José do Rio Preto,SP,Privado,32 936
Pituaçu,Salvador,BA,Gov. Estadual,32 157
Arena das Dunas,Natal,RN,Privado,32 050
Helenão,Juiz de Fora,MG,Gov. Municipal,31 863
Arena Barueri,Barueri,SP,Gov. Municipal,31 452
Estádio do Café,Londrina,PR,Gov. Municipal,30 000
Douradão,Dourados,MS,Gov. Estadual,30 000
Santa Cruz,Ribeirão Preto,SP,Privado,29 292
Brinco de Ouro,Campinas,SP,Privado,29 130
Boca do Jacaré,Taguatinga,DF,Gov. Distrital,27 000
Irmão Gino Maria Rossi,Pouso Alegre,MG,Gov. Municipal,26 000
Pacaembu,São Paulo,SP,Gov. Municipal,26 000
Almeidão,João Pessoa,PB,Gov. Estadual,25 770
Amigão,Campina Grande,PB,Gov. Estadual,25 770
Regional Arnaldo Busatto,Cascavel,PR,Gov. Municipal,25 000
São Januário,Rio de Janeiro,RJ,Privado,24 584
Major Levy Sobrinho,Limeira,SP,Gov. Municipal,23 475
Independência,Belo Horizonte,MG,Privado,23 018
Aflitos,Recife,PE,Privado,22 856
Ipatingão,Ipatinga,MG,Gov. Municipal,22 500
Canindé,São Paulo,SP,Privado,22 375
Centenário,Caxias do Sul,RS,Privado,22 132
Colosso da Lagoa,Erechim,RS,Privado,22 000
Vila Belmiro,Santos,SP,Privado,21 732
Arena da Fonte Luminosa,Araraquara,SP,Gov. Municipal,21 441
Kleber Andrade,Cariacica,ES,Gov. Estadual,21 000
Bezerrão,Gama,DF,Gov. Distrital,20 300
Presidente Vargas,Fortaleza,CE,Gov. Municipal,20 268
Raulino de Oliveira,Volta Redonda,RJ,Gov. Municipal,20 255
Arena Condá,Chapecó,SC,Gov. Municipal,20 200
Arena Joinville,Joinville,SC,Gov. Municipal,20 160
Arena do Jacaré,Sete Lagoas,MG,Privado,20 020
Arena Acreana,Rio Branco,AC,Gov. Estadual,20 000
Willie Davids,Maringá,PR,Gov. Municipal,20 000
Alfredo Jaconi,Caxias do Sul,RS,Privado,19 924
Heriberto Hülse,Criciúma,SC,Privado,19 900
Vail Chaves,Mogi Mirim,SP,Privado,19 900
Moisés Lucarelli,Campinas,SP,Privado,19 728
Orlando Scarpelli,Florianópolis,SC,Privado,19 584
Lacerdão,Caruaru,PE,Privado,19 478
Arena Capivari,Capivari,SP,Gov. Municipal,19 000
Alfredão,Bauru,SP,Privado,18 886
Novelli Júnior,Itu,SP,Gov. Municipal,18 560
Parque São Jorge,São Paulo,SP,Privado,18 500
Palma Travassos,Ribeirão Preto,SP,Privado,18 277
Barão de Serra Negra,Piracicaba,SP,Gov. Municipal,18 000
Ítalo del Cima,Rio de Janeiro,RJ,Privado,18 000
Luthero Lopes,Rondonópolis,MT,Gov. Municipal,18 000
Ressacada,Florianópolis,SC,Privado,17 826
Arena Romeirão,Juazeiro do Norte,CE,Gov. Municipal,17 230
Felipão,Paranavaí,PR,Gov. Municipal,17 147
Vila Capanema,Curitiba,PR,Privado,17 140
Nabi Abi Chedid,Bragança Paulista,SP,Privado,17 128
Trapichão,Maceió,AL,Gov. Estadual,17 126
Adail Nunes da Silva,Taquaritinga,SP,Gov. Municipal,16 805
Anacleto Campanella,São Caetano do Sul,SP,Gov. Municipal,16 744
Martins Pereira,São José dos Campos,SP,Gov. Municipal,16 500
Arena Cruzeiro,Cachoeirinha,RS,Privado,16 500
Silvio Salles,Catanduva,SP,Gov. Municipal,16 444
Uberabão,Uberaba,MG,Gov. Municipal,16 384
Décio Vitta,Americana,SP,Gov. Municipal,16 300
Jóia da Princesa,Feira de Santana,BA,Gov. Municipal,16 274
Curuzu,Belém,PA,Privado,16 200
Herminio Ometto,Araras,SP,Privado,16 096
Dario Rodrigues Leite,Guaratinguetá,SP,Gov. Municipal,16 095
Carneirão,Alagoinhas,BA,Gov. Municipal,16 000
Pedro Eymard,Morada Nova,CE,Gov. Municipal,16 000
Gilbertão,Lins,SP,Gov. Municipal,15 770
Primeiro de Maio,São Bernardo do Campo,SP,Gov. Municipal,15 759
Prefeito José Costa,Espírito Santo do Pinhal,SP,Gov. Municipal,15 727
Arena Batistão,Aracaju,SE,Gov. Estadual,15 586
Boca do Lobo,Pelotas,RS,Privado,15 478
Melão,Varginha,MG,Gov. Municipal,15 471
Sócrates Stamato,Bebedouro,SP,Gov. Municipal,15 300
Jayme Cintra,Jundiaí,SP,Privado,15 155
Frasqueirão,Natal,RN,Privado,15 082
Bento de Abreu,Marília,SP,Gov. Municipal,15 010
Alfredo Chiavegato,Jaguariúna,SP,Gov. Municipal,15 000
Arapucão,Jataí,GO,Gov. Municipal,15 000
Carlos Affini,Paraguaçu Paulista,SP,Gov. Municipal,15 000
Montanha dos Vinhedos,Bento Gonçalves,RS,Privado,15 000
JK,Itumbiara,GO,Gov. Municipal,15 000
José Maria Campos Maia,Mirassol,SP,Gov. Municipal,15 000
Moacyrzão,Macaé,RJ,Privado,15 000
Giulite Coutinho,Mesquita,RJ,Privado,15 000
Maria Teresa Breda,Olímpia,SP,Gov. Municipal,15 000
Vermelhão da Serra,Passo Fundo,RS,Privado,15 000
Torquato Pontes,Rio Grande,RS,Privado,15 000
Arthur Marinho,Corumbá,MS,Privado,15 000
Antonio Lins Ribeiro Guimarães,Santa Bárbara d'Oeste,SP,Privado,14 913
Lancha Filho,Franca,SP,Gov. Municipal,14 686
Francisco Nogueira Filho,Mogi das Cruzes,SP,Gov. Municipal,14 384
Bruno José Daniel,Santo André,SP,Gov. Municipal,14 185
Anísio Haddad,São José do Rio Preto,SP,Privado,14 126
Jorge Ismael de Biasi,Novo Horizonte,SP,Privado,12 872
Amaros,Itápolis,SP,Privado,14 074
Francisco Novelletto Neto,Porto Alegre,RS,Privado,14 000
Serrinha,Goiânia,GO,Privado,14 000
Soares de Azevedo,Muriaé,MG,Privado,13 971
Walter Ribeiro,Sorocaba,SP,Gov. Municipal,13 772
Zerão,Macapá,AP,Gov. Estadual,13 680
Olímpico,Goiânia,GO,Gov. Estadual,13 500
Ícaro de Castro Melo,São Paulo,SP,Gov. Estadual,13 400
Otacília Patrício Arroyo,Monte Azul Paulista,SP,Privado,13 100
Fortaleza,Barretos,SP,Gov. Municipal,13 007
Gigante do Norte,Sinop,MT,Gov. Municipal,13 000
Bento Freitas,Pelotas,RS,Privado,13 000
Oswaldo Scatena,Batatais,SP,Privado,13 000
Zezinho Magalhães,Jaú,SP,Privado,12 978
Joaquim de Morais Filho,Taubaté,SP,Privado,12 896
14 de Dezembro,Toledo,PR,Gov. Municipal,12 500
Fumeirão,Arapiraca,AL,Gov. Municipal,12 500
Antônio Accioly,Goiânia,GO,Privado,12 500
José Liberatti,Osasco,SP,Gov. Municipal,12 430
Serra do Lago,Luziânia,GO,Gov. Municipal,12 300
Cornélio de Barros,Salgueiro,PE,Gov. Municipal,12 070
Ademir Cunha,Paulista,PE,Gov. Municipal,12 000
Caio Martins,Niterói,RJ,Privado,12 000
Marizão,Caicó,RN,Gov. Estadual,12 000
Municipal de Quiterianópolis,Quiterianópolis,CE,Gov. Municipal,12 000
Baenão,Belém,PA,Privado,12 000
Colosso do Tapajós,Santarém,PA,Gov. Municipal,12 000
Alonso Carvalho Braga,Tupã,SP,Gov. Municipal,12 000
Antônio Pena,Catu,BA,Gov. Municipal,12 000
Perpetão,Cajazeiras,PB,Gov. Estadual,12 000
OBA,Goiânia,GO,Privado,11 788
Breno Ribeiro do Val,Osvaldo Cruz,SP,Gov. Municipal,11 784
Luiz Viana Filho,Itabuna,BA,Gov. Municipal,11 745
Mirandão,Crato,CE,Gov. Municipal,11 732
Lomantão,Vitória da Conquista,BA,Gov. Municipal,11 538
José Cavalcanti,Patos,PB,Gov. Municipal,11 500
Nhozinho Santos,São Luís,MA,Gov. Municipal,11 429
Adhermazão,Araçatuba,SP,Gov. Municipal,11 274
Geraldão,Tauá,CE,Gov. Municipal,11 168
Gigante do Itiberê,Paranaguá,PR,Gov. Municipal,11 000
CE Umuarama,Umuarama,PR,Gov. Municipal,11 000
Marizão,Sousa,PB,Gov. Municipal,11 000
Rua Bariri,Rio de Janeiro,RJ,Gov. Municipal,11 000
Carneirão,Vitória de Santo Antão,PE,Gov. Municipal,10 911
Jonas Duarte,Anápolis,GO,Gov. Municipal,10 707
Grito da República,Olinda,PE,Gov. Municipal,10 700
Bom Jesus da Lapa,Apucarana,PR,Gov. Municipal,10.682
Germano Krüger,Ponta Grossa,PR,Privado,10 632
Junco,Sobral,CE,Gov. Municipal,10 500
Trabalhador,Resende,RJ,Gov. Municipal,10 500
Colina,Manaus,AM,Gov. Estadual,10 451
Dos Pássaros,Arapongas,PR,Gov. Estadual,10 440
Domingão,Horizonte,CE,Gov. Municipal,10 400
Pedro Alves do Nascimento,Patrocínio,MG,Gov. Municipal,10 250
Vavazão,Maruim,SE,Gov. Estadual,10 235
Parque do Bacurau,Cametá,PA,Gov. Municipal,10 230
Nicolau Alayon,São Paulo,SP,Privado,10 117
Barrettão,Ceará-Mirim,RN,Gov. Municipal,10 068
José Sidney Cunha,Capão Bonito,SP,Privado,10 022
Octávio da Silva Bastos,São João da Boa Vista,SP,Gov. Municipal,10 002
Arena do Calçado,Nova Serrana,MG,Gov. Municipal,10 000
Bernardo Rubinger de Queiroz,Patos de Minas,MG,Gov. Municipal,10 000
Teotônio Vilela,Viçosa,AL,Gov. Municipal,10 000
Florestão,Rio Branco,AC,Gov. Municipal,10 000
Estrela D'Alva,Bagé,RS,Privado,10 000
Cristo Rei,São Leopoldo,RS,Privado,10 000
Complexo Esportivo da ULBRA,Canoas,RS,Privado,10 000
Vila Olímpica,Curitiba,PR,Privado,10 000
VGD,Londrina,PR,Privado,10 000
Nogueirão,Mossoró,RN,Privado,10 000
Luís Augusto de Oliveira,São Carlos,SP,Gov. Municipal,10 000
Distrital do Inamar,Diadema,SP,Gov. Municipal,10 000
Aryzão,Campos dos Goytacazes,RJ,Privado,10 000
Jair Siqueira Bittencourt,Itaperuna,RJ,Privado,10 000
Arena Guanabara,Araruama,RJ,Privado,10 000
Odair Gama,Três Rios,RJ,Privado,10 000
Aluizão,Porto Velho,RO,Gov. Municipal,10 000
Canarinho,Boa Vista,RR,Gov. Estadual,10 000
Augustinho Lima,Sobradinho,DF,Gov. Distrital,10 000
Frei Epifânio,Imperatriz,MA,Gov. Municipal,10 000
Presidente Médici,Itabaiana,SE,Gov. Estadual,10 000
Nilton Santos,Palmas,TO,Gov. Estadual,10 000
Ribeirão,Tocantinópolis,TO,Privado,10 000
Passo das Emas,Lucas do Rio Verde,MT,Gov. Municipal,10 000
Arena Verde,Paragominas,PA,Gov. Municipal,10 000
Rosenão,Parauapebas,PA,Gov. Municipal,10 000
Arena do Juruá,Cruzeiro do Sul,AC,Gov. Estadual,10 000
